2,Looking center
2,Looking center
2,Looking center
2,Looking center
2,Looking center
2,Looking center
2,Looking center
2,Looking center
2,Looking center
2,Looking center
2,Looking center
2,Looking center
2,Looking center
2,Looking center
2,Looking center
2,Looking center
2,Looking center
2,Looking center
2,Looking center
2,Looking center
2,Looking center
2,Looking center
2,Looking center
2,Looking center
2,Looking center
2,Looking center
2,Looking center
2,Looking center
2,Looking center
2,Looking center
2,Looking center
2,Looking center
2,Looking center
2,Looking center
2,Looking center
2,Looking center
2,Looking center
2,Looking center
2,Looking center
2,Looking center
2,Looking center
2,Looking center
2,Looking center
2,Looking center
2,Looking center
2,Looking center
2,Looking center
2,Looking center
2,Looking center
2,Looking center
2,Looking center
2,Looking center
2,Looking center
2,Looking center
2,Looking center
1,Looking left
1,Looking left
1,Looking left
1,Looking left
1,Looking left
1,Looking left
1,Looking left
1,Looking left
1,Looking left
2,Looking center
2,Looking center
2,Looking center
2,Looking center
2,Looking center
2,Looking center
2,Looking center
2,Looking center
2,Looking center
2,Looking center
2,Looking center
2,Looking center
2,Looking center
2,Looking center
2,Looking center
2,Looking center
2,Looking center
2,Looking center
2,Looking center
2,Looking center
2,Looking center
2,Looking center
2,Looking center
2,Looking center
2,Looking center
2,Looking center
2,Looking center
2,Looking center
2,Looking center
2,Looking center
2,Looking center
2,Looking center
2,Looking center
2,Looking center
2,Looking center
2,Looking center
2,Looking center
2,Looking center
2,Looking center
2,Looking center
2,Looking center
2,Looking center
2,Looking center
2,Looking center
2,Looking center
2,Looking center
2,Looking center
2,Looking center
2,Looking center
2,Looking center
2,Looking center
2,Looking center
2,Looking center
2,Looking center
2,Looking center
2,Looking center
2,Looking center
2,Looking center
2,Looking center
2,Looking center
2,Looking center
2,Looking center
2,Looking center
2,Looking center
2,Looking center
2,Looking center
2,Looking center
2,Looking center
2,Looking center
2,Looking center
2,Looking center
2,Looking center
2,Looking center
2,Looking center
2,Looking center
2,Looking center
2,Looking center
2,Looking center
2,Looking center
2,Looking center
2,Looking center
2,Looking center
2,Looking center
2,Looking center
2,Looking center
2,Looking center
2,Looking center
2,Looking center
2,Looking center
2,Looking center
2,Looking center
2,Looking center
2,Looking center
2,Looking center
2,Looking center
2,Looking center
2,Looking center
2,Looking center
2,Looking center
2,Looking center
2,Looking center
2,Looking center
2,Looking center
2,Looking center
2,Looking center
2,Looking center
2,Looking center
2,Looking center
2,Looking center
2,Looking center
2,Looking center
2,Looking center
2,Looking center
2,Looking center
2,Looking center
2,Looking center
2,Looking center
2,Looking center
2,Looking center
2,Looking center
2,Looking center
2,Looking center
2,Looking center
2,Looking center
2,Looking center
2,Looking center
2,Looking center
2,Looking center
2,Looking center
2,Looking center
2,Looking center
2,Looking center
2,Looking center
2,Looking center
2,Looking center
2,Looking center
2,Looking center
2,Looking center
2,Looking center
2,Looking center
2,Looking center
2,Looking center
2,Looking center
2,Looking center
2,Looking center
2,Looking center
2,Looking center
2,Looking center
2,Looking center
2,Looking center
2,Looking center
2,Looking center
2,Looking center
2,Looking center
1,Looking left
1,Looking left
1,Looking left
1,Looking left
1,Looking left
1,Looking left
1,Looking left
1,Looking left
1,Looking left
1,Looking left
1,Looking left
2,Looking center
2,Looking center
2,Looking center
2,Looking center
2,Looking center
2,Looking center
2,Looking center
0,Looking right
2,Looking center
0,Looking right
2,Looking center
0,Looking right
2,Looking center
2,Looking center
2,Looking center
2,Looking center
2,Looking center
2,Looking center
2,Looking center
2,Looking center
2,Looking center
2,Looking center
2,Looking center
2,Looking center
2,Looking center
2,Looking center
2,Looking center
2,Looking center
2,Looking center
2,Looking center
2,Looking center
2,Looking center
0,Looking right
0,Looking right
2,Looking center
0,Looking right
0,Looking right
2,Looking center
2,Looking center
2,Looking center
2,Looking center
2,Looking center
2,Looking center
2,Looking center
2,Looking center
2,Looking center
2,Looking center
2,Looking center
2,Looking center
2,Looking center
2,Looking center
2,Looking center
2,Looking center
2,Looking center
2,Looking center
2,Looking center
2,Looking center
2,Looking center
2,Looking center
2,Looking center
2,Looking center
2,Looking center
2,Looking center
2,Looking center
2,Looking center
2,Looking center
2,Looking center
2,Looking center
2,Looking center
1,Looking left
1,Looking left
2,Looking center
2,Looking center
2,Looking center
2,Looking center
2,Looking center
2,Looking center
2,Looking center
2,Looking center
2,Looking center
2,Looking center
2,Looking center
2,Looking center
2,Looking center
2,Looking center
2,Looking center
2,Looking center
2,Looking center
2,Looking center
2,Looking center
2,Looking center
2,Looking center
0,Looking right
2,Looking center
2,Looking center
2,Looking center
2,Looking center
2,Looking center
2,Looking center
2,Looking center
2,Looking center
2,Looking center
2,Looking center
2,Looking center
2,Looking center
2,Looking center
2,Looking center
2,Looking center
2,Looking center
2,Looking center
2,Looking center
2,Looking center
2,Looking center
2,Looking center
2,Looking center
2,Looking center
2,Looking center
2,Looking center
2,Looking center
2,Looking center
2,Looking center
2,Looking center
2,Looking center
2,Looking center
2,Looking center
2,Looking center
2,Looking center
2,Looking center
2,Looking center
2,Looking center
2,Looking center
2,Looking center
2,Looking center
2,Looking center
2,Looking center
2,Looking center
2,Looking center
2,Looking center
2,Looking center
2,Looking center
2,Looking center
2,Looking center
2,Looking center
2,Looking center
1,Looking left
1,Looking left
2,Looking center
2,Looking center
2,Looking center
2,Looking center
2,Looking center
2,Looking center
2,Looking center
2,Looking center
2,Looking center
2,Looking center
2,Looking center
2,Looking center
2,Looking center
2,Looking center
2,Looking center
2,Looking center
2,Looking center
2,Looking center
2,Looking center
2,Looking center
2,Looking center
2,Looking center
2,Looking center
2,Looking center
2,Looking center
2,Looking center
2,Looking center
2,Looking center
2,Looking center
2,Looking center
2,Looking center
2,Looking center
2,Looking center
2,Looking center
2,Looking center
2,Looking center
2,Looking center
2,Looking center
2,Looking center
2,Looking center
2,Looking center
2,Looking center
2,Looking center
2,Looking center
2,Looking center
2,Looking center
2,Looking center
2,Looking center
2,Looking center
2,Looking center
2,Looking center
2,Looking center
2,Looking center
2,Looking center
2,Looking center
2,Looking center
2,Looking center
2,Looking center
2,Looking center
2,Looking center
2,Looking center
2,Looking center
2,Looking center
2,Looking center
2,Looking center
2,Looking center
2,Looking center
2,Looking center
2,Looking center
2,Looking center
2,Looking center
2,Looking center
2,Looking center
2,Looking center
2,Looking center
2,Looking center
2,Looking center
2,Looking center
2,Looking center
2,Looking center
2,Looking center
2,Looking center
2,Looking center
2,Looking center
2,Looking center
2,Looking center
2,Looking center
2,Looking center
2,Looking center
2,Looking center
2,Looking center
2,Looking center
2,Looking center
2,Looking center
2,Looking center
2,Looking center
2,Looking center
2,Looking center
2,Looking center
2,Looking center
2,Looking center
2,Looking center
2,Looking center
2,Looking center
2,Looking center
2,Looking center
2,Looking center
2,Looking center
2,Looking center
2,Looking center
2,Looking center
2,Looking center
2,Looking center
2,Looking center
2,Looking center
2,Looking center
2,Looking center
2,Looking center
2,Looking center
2,Looking center
2,Looking center
2,Looking center
2,Looking center
2,Looking center
2,Looking center
1,Looking left
1,Looking left
2,Looking center
2,Looking center
2,Looking center
2,Looking center
2,Looking center
2,Looking center
2,Looking center
2,Looking center
2,Looking center
2,Looking center
2,Looking center
2,Looking center
2,Looking center
2,Looking center
2,Looking center
2,Looking center
2,Looking center
2,Looking center
2,Looking center
2,Looking center
2,Looking center
2,Looking center
2,Looking center
2,Looking center
2,Looking center
2,Looking center
2,Looking center
2,Looking center
2,Looking center
2,Looking center
2,Looking center
2,Looking center
2,Looking center
2,Looking center
2,Looking center
2,Looking center
2,Looking center
2,Looking center
2,Looking center
2,Looking center
2,Looking center
2,Looking center
2,Looking center
2,Looking center
2,Looking center
2,Looking center
2,Looking center
2,Looking center
2,Looking center
2,Looking center
2,Looking center
2,Looking center
2,Looking center
2,Looking center
2,Looking center
2,Looking center
2,Looking center
2,Looking center
2,Looking center
2,Looking center
2,Looking center
1,Looking left
1,Looking left
1,Looking left
1,Looking left
1,Looking left
1,Looking left
1,Looking left
1,Looking left
1,Looking left
1,Looking left
1,Looking left
1,Looking left
1,Looking left
1,Looking left
1,Looking left
2,Looking center
2,Looking center
2,Looking center
1,Looking left
2,Looking center
2,Looking center
2,Looking center
2,Looking center
2,Looking center
2,Looking center
2,Looking center
2,Looking center
2,Looking center
2,Looking center
2,Looking center
2,Looking center
2,Looking center
2,Looking center
2,Looking center
2,Looking center
2,Looking center
1,Looking left
2,Looking center
2,Looking center
2,Looking center
1,Looking left
1,Looking left
1,Looking left
1,Looking left
2,Looking center
2,Looking center
2,Looking center
2,Looking center
2,Looking center
2,Looking center
2,Looking center
2,Looking center
1,Looking left
1,Looking left
1,Looking left
1,Looking left
1,Looking left
1,Looking left
1,Looking left
1,Looking left
1,Looking left
1,Looking left
1,Looking left
1,Looking left
1,Looking left
1,Looking left
2,Looking center
2,Looking center
2,Looking center
2,Looking center
2,Looking center
2,Looking center
2,Looking center
2,Looking center
2,Looking center
2,Looking center
2,Looking center
2,Looking center
2,Looking center
2,Looking center
2,Looking center
2,Looking center
2,Looking center
2,Looking center
2,Looking center
2,Looking center
2,Looking center
2,Looking center
2,Looking center
1,Looking left
2,Looking center
2,Looking center
2,Looking center
2,Looking center
2,Looking center
2,Looking center
2,Looking center
2,Looking center
1,Looking left
2,Looking center
2,Looking center
2,Looking center
2,Looking center
2,Looking center
2,Looking center
2,Looking center
2,Looking center
2,Looking center
2,Looking center
2,Looking center
2,Looking center
2,Looking center
2,Looking center
2,Looking center
2,Looking center
2,Looking center
2,Looking center
2,Looking center
2,Looking center
2,Looking center
2,Looking center
2,Looking center
2,Looking center
2,Looking center
2,Looking center
2,Looking center
2,Looking center
2,Looking center
2,Looking center
2,Looking center
2,Looking center
2,Looking center
2,Looking center
2,Looking center
2,Looking center
2,Looking center
2,Looking center
2,Looking center
2,Looking center
2,Looking center
2,Looking center
2,Looking center
2,Looking center
2,Looking center
2,Looking center
2,Looking center
2,Looking center
2,Looking center
2,Looking center
2,Looking center
2,Looking center
2,Looking center
2,Looking center
2,Looking center
2,Looking center
2,Looking center
2,Looking center
2,Looking center
2,Looking center
2,Looking center
2,Looking center
2,Looking center
2,Looking center
2,Looking center
2,Looking center
2,Looking center
2,Looking center
2,Looking center
2,Looking center
2,Looking center
2,Looking center
2,Looking center
2,Looking center
2,Looking center
2,Looking center
1,Looking left
1,Looking left
2,Looking center
2,Looking center
2,Looking center
2,Looking center
2,Looking center
2,Looking center
2,Looking center
2,Looking center
2,Looking center
2,Looking center
2,Looking center
2,Looking center
2,Looking center
2,Looking center
2,Looking center
2,Looking center
2,Looking center
2,Looking center
2,Looking center
2,Looking center
2,Looking center
2,Looking center
2,Looking center
2,Looking center
2,Looking center
2,Looking center
2,Looking center
2,Looking center
2,Looking center
2,Looking center
2,Looking center
2,Looking center
2,Looking center
2,Looking center
2,Looking center
2,Looking center
1,Looking left
2,Looking center
2,Looking center
2,Looking center
2,Looking center
2,Looking center
2,Looking center
2,Looking center
2,Looking center
2,Looking center
2,Looking center
2,Looking center
2,Looking center
2,Looking center
2,Looking center
2,Looking center
2,Looking center
2,Looking center
1,Looking left
2,Looking center
2,Looking center
2,Looking center
1,Looking left
1,Looking left
1,Looking left
2,Looking center
2,Looking center
2,Looking center
2,Looking center
2,Looking center
2,Looking center
2,Looking center
1,Looking left
1,Looking left
1,Looking left
2,Looking center
2,Looking center
2,Looking center
2,Looking center
2,Looking center
2,Looking center
2,Looking center
2,Looking center
2,Looking center
2,Looking center
2,Looking center
2,Looking center
2,Looking center
2,Looking center
2,Looking center
2,Looking center
2,Looking center
2,Looking center
2,Looking center
2,Looking center
2,Looking center
2,Looking center
2,Looking center
2,Looking center
2,Looking center
2,Looking center
2,Looking center
2,Looking center
2,Looking center
2,Looking center
2,Looking center
2,Looking center
2,Looking center
2,Looking center
2,Looking center
2,Looking center
2,Looking center
2,Looking center
2,Looking center
2,Looking center
2,Looking center
2,Looking center
2,Looking center
2,Looking center
2,Looking center
2,Looking center
2,Looking center
2,Looking center
2,Looking center
2,Looking center
2,Looking center
2,Looking center
2,Looking center
2,Looking center
2,Looking center
2,Looking center
2,Looking center
2,Looking center
2,Looking center
2,Looking center
2,Looking center
2,Looking center
2,Looking center
2,Looking center
2,Looking center
2,Looking center
2,Looking center
2,Looking center
2,Looking center
2,Looking center
2,Looking center
2,Looking center
2,Looking center
2,Looking center
2,Looking center
2,Looking center
2,Looking center
2,Looking center
2,Looking center
2,Looking center
2,Looking center
2,Looking center
2,Looking center
2,Looking center
2,Looking center
2,Looking center
